,Date,MissionStatus
0,1957,Success
1,1957,Success
2,1957,Failure
3,1958,Success
4,1958,Failure
5,1958,Failure
6,1958,Success
7,1958,Success
8,1958,Failure
9,1958,Failure
10,1958,Success
11,1958,Failure
12,1958,Failure
13,1958,Failure
14,1958,Success
15,1958,Failure
16,1958,Failure
17,1958,Failure
18,1958,Failure
19,1958,Failure
20,1958,Failure
21,1958,Failure
22,1958,Failure
23,1958,Failure
24,1958,Partial Failure
25,1958,Failure
26,1958,Failure
27,1958,Failure
28,1958,Failure
29,1958,Partial Failure
30,1958,Success
31,1959,Partial Failure
32,1959,Success
33,1959,Failure
34,1959,Success
35,1959,Failure
36,1959,Failure
37,1959,Failure
38,1959,Failure
39,1959,Failure
40,1959,Success
41,1959,Success
42,1959,Success
43,1959,Partial Failure
44,1959,Success
45,1959,Failure
46,1959,Partial Failure
47,1959,Success
48,1959,Success
49,1959,Failure
50,1959,Failure
51,1960,Failure
52,1960,Failure
53,1960,Failure
54,1960,Success
55,1960,Success
56,1960,Success
57,1960,Failure
58,1960,Success
59,1960,Failure
60,1960,Failure
61,1960,Success
62,1960,Success
63,1960,Success
64,1960,Failure
65,1960,Failure
66,1960,Failure
67,1960,Success
68,1960,Success
69,1960,Success
70,1960,Failure
71,1960,Success
72,1960,Success
73,1960,Failure
74,1960,Success
75,1960,Failure
76,1960,Failure
77,1960,Failure
78,1960,Failure
79,1960,Success
80,1960,Failure
81,1960,Success
82,1960,Failure
83,1960,Success
84,1960,Failure
85,1960,Success
86,1960,Failure
87,1960,Success
88,1960,Success
89,1960,Failure
90,1961,Success
91,1961,Success
92,1961,Failure
93,1961,Success
94,1961,Success
95,1961,Success
96,1961,Success
97,1961,Success
98,1961,Success
99,1961,Success
100,1961,Success
101,1961,Success
102,1961,Success
103,1961,Failure
104,1961,Success
105,1961,Success
106,1961,Failure
107,1961,Success
108,1961,Failure
109,1961,Success
110,1961,Success
111,1961,Failure
112,1961,Success
113,1961,Success
114,1961,Success
115,1961,Success
116,1961,Failure
117,1961,Failure
118,1961,Success
119,1961,Success
120,1961,Failure
121,1961,Partial Failure
122,1961,Success
123,1961,Failure
124,1961,Success
125,1961,Success
126,1961,Success
127,1961,Success
128,1961,Partial Failure
129,1961,Failure
130,1961,Failure
131,1961,Failure
132,1961,Failure
133,1961,Success
134,1961,Success
135,1961,Failure
136,1961,Failure
137,1961,Success
138,1961,Failure
139,1961,Success
140,1961,Failure
141,1961,Partial Failure
142,1962,Failure
143,1962,Failure
144,1962,Partial Failure
145,1962,Success
146,1962,Success
147,1962,Partial Failure
148,1962,Success
149,1962,Success
150,1962,Success
151,1962,Success
152,1962,Success
153,1962,Success
154,1962,Success
155,1962,Success
156,1962,Success
157,1962,Success
158,1962,Failure
159,1962,Success
160,1962,Success
161,1962,Success
162,1962,Failure
163,1962,Failure
164,1962,Success
165,1962,Success
166,1962,Failure
167,1962,Success
168,1962,Success
169,1962,Failure
170,1962,Success
171,1962,Success
172,1962,Success
173,1962,Success
174,1962,Success
175,1962,Success
176,1962,Success
177,1962,Success
178,1962,Success
179,1962,Success
180,1962,Failure
181,1962,Success
182,1962,Success
183,1962,Success
184,1962,Success
185,1962,Success
186,1962,Success
187,1962,Success
188,1962,Success
189,1962,Failure
190,1962,Success
191,1962,Success
192,1962,Failure
193,1962,Success
194,1962,Failure
195,1962,Success
196,1962,Success
197,1962,Success
198,1962,Success
199,1962,Success
200,1962,Success
201,1962,Success
202,1962,Success
203,1962,Success
204,1962,Success
205,1962,Success
206,1962,Failure
207,1962,Failure
208,1962,Success
209,1962,Success
210,1962,Success
211,1962,Success
212,1962,Failure
213,1962,Success
214,1962,Success
215,1962,Success
216,1962,Success
217,1962,Success
218,1962,Success
219,1962,Success
220,1962,Success
221,1962,Failure
222,1962,Success
223,1962,Success
224,1963,Failure
225,1963,Failure
226,1963,Success
227,1963,Success
228,1963,Success
229,1963,Failure
230,1963,Failure
231,1963,Success
232,1963,Success
233,1963,Failure
234,1963,Success
235,1963,Success
236,1963,Success
237,1963,Success
238,1963,Success
239,1963,Failure
240,1963,Failure
241,1963,Success
242,1963,Success
243,1963,Success
244,1963,Success
245,1963,Failure
246,1963,Success
247,1963,Success
248,1963,Success
249,1963,Failure
250,1963,Success
251,1963,Failure
252,1963,Success
253,1963,Success
254,1963,Failure
255,1963,Success
256,1963,Success
257,1963,Success
258,1963,Success
259,1963,Success
260,1963,Failure
261,1963,Success
262,1963,Success
263,1963,Success
264,1963,Success
265,1964,Success
266,1964,Success
267,1964,Success
268,1964,Failure
269,1964,Success
270,1964,Success
271,1964,Success
272,1964,Success
273,1964,Failure
274,1964,Partial Failure
275,1964,Success
276,1964,Success
277,1964,Success
278,1964,Success
279,1964,Failure
280,1964,Success
281,1964,Success
282,1964,Success
283,1964,Success
284,1964,Success
285,1964,Failure
286,1964,Success
287,1964,Success
288,1964,Success
289,1964,Failure
290,1964,Success
291,1964,Success
292,1964,Success
293,1964,Success
294,1964,Success
295,1964,Success
296,1964,Success
297,1964,Success
298,1964,Success
299,1964,Success
300,1964,Success
301,1964,Success
302,1964,Success
303,1964,Failure
304,1964,Success
305,1964,Success
306,1964,Success
307,1964,Success
308,1964,Success
309,1964,Success
310,1964,Failure
311,1964,Success
312,1964,Success
313,1964,Success
314,1964,Failure
315,1964,Success
316,1964,Success
317,1964,Failure
318,1964,Success
319,1964,Success
320,1964,Failure
321,1964,Success
322,1964,Success
323,1964,Success
324,1964,Partial Failure
325,1965,Success
326,1965,Success
327,1965,Failure
328,1965,Success
329,1965,Success
330,1965,Success
331,1965,Failure
332,1965,Success
333,1965,Success
334,1965,Failure
335,1965,Success
336,1965,Success
337,1965,Success
338,1965,Failure
339,1965,Success
340,1965,Success
341,1965,Success
342,1965,Success
343,1965,Success
344,1965,Success
345,1965,Success
346,1965,Success
347,1965,Success
348,1965,Failure
349,1965,Success
350,1965,Success
351,1965,Success
352,1965,Success
353,1965,Success
354,1965,Success
355,1965,Success
356,1965,Success
357,1965,Success
358,1965,Failure
359,1965,Success
360,1965,Success
361,1965,Success
362,1965,Success
363,1965,Success
364,1965,Success
365,1965,Success
366,1965,Failure
367,1965,Failure
368,1965,Success
369,1965,Success
370,1965,Success
371,1965,Success
372,1965,Success
373,1965,Success
374,1965,Success
375,1965,Success
376,1965,Success
377,1965,Success
378,1965,Success
379,1965,Success
380,1965,Success
381,1965,Success
382,1965,Success
383,1965,Success
384,1965,Success
385,1965,Success
386,1965,Success
387,1965,Success
388,1965,Failure
389,1965,Success
390,1965,Success
391,1965,Failure
392,1965,Success
393,1965,Success
394,1965,Success
395,1965,Success
396,1965,Success
397,1965,Success
398,1965,Partial Failure
399,1965,Success
400,1965,Success
401,1965,Success
402,1965,Success
403,1965,Success
404,1965,Success
405,1965,Success
406,1965,Success
407,1965,Success
408,1965,Partial Failure
409,1965,Success
410,1965,Success
411,1965,Failure
412,1966,Partial Failure
413,1966,Success
414,1966,Success
415,1966,Success
416,1966,Success
417,1966,Success
418,1966,Success
419,1966,Success
420,1966,Success
421,1966,Success
422,1966,Failure
423,1966,Success
424,1966,Success
425,1966,Partial Failure
426,1966,Success
427,1966,Success
428,1966,Success
429,1966,Success
430,1966,Failure
431,1966,Failure
432,1966,Success
433,1966,Success
434,1966,Success
435,1966,Partial Failure
436,1966,Success
437,1966,Success
438,1966,Success
439,1966,Success
440,1966,Success
441,1966,Success
442,1966,Success
443,1966,Success
444,1966,Partial Failure
445,1966,Failure
446,1966,Failure
447,1966,Success
448,1966,Success
449,1966,Success
450,1966,Partial Failure
451,1966,Success
452,1966,Success
453,1966,Success
454,1966,Partial Failure
455,1966,Success
456,1966,Success
457,1966,Success
458,1966,Success
459,1966,Success
460,1966,Success
461,1966,Success
462,1966,Partial Failure
463,1966,Success
464,1966,Success
465,1966,Success
466,1966,Success
467,1966,Success
468,1966,Success
469,1966,Success
470,1966,Success
471,1966,Success
472,1966,Success
473,1966,Success
474,1966,Success
475,1966,Failure
476,1966,Success
477,1966,Success
478,1966,Success
479,1966,Failure
480,1966,Success
481,1966,Partial Failure
482,1966,Success
483,1966,Failure
484,1966,Success
485,1966,Success
486,1966,Success
487,1966,Success
488,1966,Success
489,1966,Success
490,1966,Success
491,1966,Success
492,1966,Partial Failure
493,1966,Success
494,1966,Success
495,1966,Success
496,1966,Success
497,1966,Success
498,1966,Success
499,1966,Failure
500,1966,Success
501,1966,Success
502,1966,Success
503,1966,Success
504,1966,Success
505,1966,Success
506,1966,Success
507,1966,Prelaunch Failure
508,1966,Success
509,1966,Success
510,1966,Failure
511,1966,Success
512,1966,Success
513,1967,Success
514,1967,Success
515,1967,Success
516,1967,Failure
517,1967,Success
518,1967,Success
519,1967,Success
520,1967,Partial Failure
521,1967,Success
522,1967,Success
523,1967,Success
524,1967,Success
525,1967,Partial Failure
526,1967,Success
527,1967,Success
528,1967,Success
529,1967,Success
530,1967,Success
531,1967,Success
532,1967,Success
533,1967,Failure
534,1967,Success
535,1967,Success
536,1967,Failure
537,1967,Success
538,1967,Partial Failure
539,1967,Partial Failure
540,1967,Success
541,1967,Success
542,1967,Success
543,1967,Success
544,1967,Failure
545,1967,Success
546,1967,Success
547,1967,Success
548,1967,Success
549,1967,Success
550,1967,Partial Failure
551,1967,Success
552,1967,Success
553,1967,Success
554,1967,Success
555,1967,Success
556,1967,Success
557,1967,Success
558,1967,Success
559,1967,Success
560,1967,Success
561,1967,Success
562,1967,Success
563,1967,Partial Failure
564,1967,Failure
565,1967,Partial Failure
566,1967,Failure
567,1967,Success
568,1967,Success
569,1967,Success
570,1967,Success
571,1967,Failure
572,1967,Partial Failure
573,1967,Success
574,1967,Success
575,1967,Success
576,1967,Success
577,1967,Success
578,1967,Success
579,1967,Success
580,1967,Failure
581,1967,Success
582,1967,Success
583,1967,Success
584,1967,Success
585,1967,Success
586,1967,Success
587,1967,Success
588,1967,Success
589,1967,Failure
590,1967,Failure
591,1967,Success
592,1967,Success
593,1967,Success
594,1967,Success
595,1967,Success
596,1967,Success
597,1967,Success
598,1967,Success
599,1967,Success
600,1967,Success
601,1967,Success
602,1967,Success
603,1967,Success
604,1967,Success
605,1967,Success
606,1967,Success
607,1967,Success
608,1967,Success
609,1967,Failure
610,1967,Success
611,1967,Success
612,1967,Success
613,1967,Success
614,1967,Success
615,1967,Success
616,1967,Success
617,1967,Success
618,1967,Success
619,1968,Success
620,1968,Success
621,1968,Success
622,1968,Success
623,1968,Success
624,1968,Success
625,1968,Failure
626,1968,Success
627,1968,Success
628,1968,Partial Failure
629,1968,Success
630,1968,Success
631,1968,Success
632,1968,Failure
633,1968,Success
634,1968,Success
635,1968,Success
636,1968,Success
637,1968,Success
638,1968,Success
639,1968,Success
640,1968,Partial Failure
641,1968,Success
642,1968,Success
643,1968,Success
644,1968,Success
645,1968,Success
646,1968,Success
647,1968,Success
648,1968,Success
649,1968,Success
650,1968,Success
651,1968,Failure
652,1968,Partial Failure
653,1968,Success
654,1968,Success
655,1968,Success
656,1968,Success
657,1968,Success
658,1968,Success
659,1968,Success
660,1968,Failure
661,1968,Success
662,1968,Success
663,1968,Success
664,1968,Success
665,1968,Failure
666,1968,Success
667,1968,Success
668,1968,Success
669,1968,Success
670,1968,Success
671,1968,Success
672,1968,Success
673,1968,Success
674,1968,Success
675,1968,Success
676,1968,Success
677,1968,Success
678,1968,Success
679,1968,Success
680,1968,Partial Failure
681,1968,Failure
682,1968,Success
683,1968,Success
684,1968,Success
685,1968,Success
686,1968,Success
687,1968,Success
688,1968,Success
689,1968,Success
690,1968,Success
691,1968,Success
692,1968,Success
693,1968,Success
694,1968,Success
695,1968,Partial Failure
696,1968,Success
697,1968,Success
698,1968,Success
699,1968,Success
700,1968,Success
701,1968,Success
702,1968,Success
703,1968,Success
704,1968,Success
705,1968,Success
706,1968,Success
707,1968,Success
708,1968,Success
709,1968,Success
710,1968,Success
711,1968,Success
712,1968,Success
713,1968,Success
714,1968,Success
715,1968,Success
716,1968,Success
717,1968,Success
718,1968,Success
719,1968,Success
720,1968,Success
721,1968,Success
722,1969,Success
723,1969,Success
724,1969,Success
725,1969,Success
726,1969,Success
727,1969,Failure
728,1969,Success
729,1969,Success
730,1969,Failure
731,1969,Failure
732,1969,Success
733,1969,Success
734,1969,Failure
735,1969,Failure
736,1969,Success
737,1969,Success
738,1969,Success
739,1969,Success
740,1969,Success
741,1969,Success
742,1969,Success
743,1969,Success
744,1969,Success
745,1969,Success
746,1969,Success
747,1969,Success
748,1969,Success
749,1969,Failure
750,1969,Failure
751,1969,Success
752,1969,Success
753,1969,Failure
754,1969,Success
755,1969,Success
756,1969,Success
757,1969,Success
758,1969,Success
759,1969,Success
760,1969,Success
761,1969,Success
762,1969,Partial Failure
763,1969,Success
764,1969,Success
765,1969,Success
766,1969,Success
767,1969,Success
768,1969,Success
769,1969,Success
770,1969,Success
771,1969,Failure
772,1969,Success
773,1969,Success
774,1969,Success
775,1969,Failure
776,1969,Failure
777,1969,Success
778,1969,Success
779,1969,Success
780,1969,Success
781,1969,Failure
782,1969,Success
783,1969,Success
784,1969,Success
785,1969,Success
786,1969,Success
787,1969,Success
788,1969,Success
789,1969,Success
790,1969,Success
791,1969,Success
792,1969,Success
793,1969,Success
794,1969,Failure
795,1969,Success
796,1969,Success
797,1969,Success
798,1969,Success
799,1969,Success
800,1969,Success
801,1969,Success
802,1969,Success
803,1969,Success
804,1969,Success
805,1969,Failure
806,1969,Success
807,1969,Success
808,1969,Success
809,1969,Success
810,1969,Success
811,1969,Success
812,1969,Success
813,1969,Success
814,1969,Failure
815,1969,Success
816,1969,Success
817,1969,Failure
818,1969,Success
819,1969,Success
820,1969,Success
821,1969,Success
822,1969,Success
823,1969,Success
824,1969,Failure
825,1970,Success
826,1970,Success
827,1970,Success
828,1970,Success
829,1970,Success
830,1970,Success
831,1970,Failure
832,1970,Failure
833,1970,Success
834,1970,Success
835,1970,Success
836,1970,Success
837,1970,Success
838,1970,Success
839,1970,Success
840,1970,Partial Failure
841,1970,Success
842,1970,Success
843,1970,Success
844,1970,Success
845,1970,Success
846,1970,Success
847,1970,Success
848,1970,Success
849,1970,Success
850,1970,Success
851,1970,Success
852,1970,Success
853,1970,Success
854,1970,Success
855,1970,Success
856,1970,Success
857,1970,Success
858,1970,Failure
859,1970,Success
860,1970,Success
861,1970,Failure
862,1970,Success
863,1970,Success
864,1970,Success
865,1970,Success
866,1970,Success
867,1970,Success
868,1970,Success
869,1970,Success
870,1970,Success
871,1970,Failure
872,1970,Success
873,1970,Success
874,1970,Failure
875,1970,Success
876,1970,Success
877,1970,Success
878,1970,Success
879,1970,Success
880,1970,Success
881,1970,Success
882,1970,Success
883,1970,Partial Failure
884,1970,Partial Failure
885,1970,Success
886,1970,Success
887,1970,Success
888,1970,Success
889,1970,Success
890,1970,Success
891,1970,Failure
892,1970,Success
893,1970,Success
894,1970,Success
895,1970,Success
896,1970,Success
897,1970,Success
898,1970,Success
899,1970,Success
900,1970,Success
901,1970,Success
902,1970,Success
903,1970,Success
904,1970,Success
905,1970,Success
906,1970,Success
907,1970,Success
908,1970,Success
909,1970,Success
910,1970,Failure
911,1970,Partial Failure
912,1970,Success
913,1970,Success
914,1970,Success
915,1970,Success
916,1970,Success
917,1970,Success
918,1970,Failure
919,1970,Success
920,1970,Success
921,1970,Success
922,1970,Success
923,1970,Success
924,1970,Success
925,1970,Success
926,1970,Success
927,1970,Success
928,1970,Success
929,1970,Success
930,1970,Failure
931,1970,Success
932,1971,Success
933,1971,Success
934,1971,Success
935,1971,Success
936,1971,Success
937,1971,Success
938,1971,Success
939,1971,Success
940,1971,Success
941,1971,Success
942,1971,Success
943,1971,Success
944,1971,Success
945,1971,Success
946,1971,Success
947,1971,Success
948,1971,Success
949,1971,Success
950,1971,Failure
951,1971,Failure
952,1971,Success
953,1971,Success
954,1971,Success
955,1971,Success
956,1971,Success
957,1971,Success
958,1971,Success
959,1971,Success
960,1971,Success
961,1971,Success
962,1971,Success
963,1971,Success
964,1971,Success
965,1971,Success
966,1971,Success
967,1971,Success
968,1971,Success
969,1971,Success
970,1971,Success
971,1971,Success
972,1971,Failure
973,1971,Success
974,1971,Success
975,1971,Success
976,1971,Success
977,1971,Success
978,1971,Success
979,1971,Success
980,1971,Success
981,1971,Success
982,1971,Success
983,1971,Success
984,1971,Success
985,1971,Success
986,1971,Success
987,1971,Success
988,1971,Success
989,1971,Failure
990,1971,Failure
991,1971,Success
992,1971,Success
993,1971,Failure
994,1971,Success
995,1971,Success
996,1971,Success
997,1971,Success
998,1971,Success
999,1971,Failure
1000,1971,Success
1001,1971,Success
1002,1971,Success
1003,1971,Success
1004,1971,Failure
1005,1971,Success
1006,1971,Success
1007,1971,Success
1008,1971,Success
1009,1971,Success
1010,1971,Success
1011,1971,Success
1012,1971,Success
1013,1971,Success
1014,1971,Success
1015,1971,Success
1016,1971,Success
1017,1971,Success
1018,1971,Success
1019,1971,Success
1020,1971,Success
1021,1971,Success
1022,1971,Success
1023,1971,Success
1024,1971,Failure
1025,1971,Success
1026,1971,Success
1027,1971,Partial Failure
1028,1971,Success
1029,1971,Success
1030,1971,Success
1031,1971,Success
1032,1971,Success
1033,1971,Success
1034,1971,Success
1035,1971,Failure
1036,1971,Success
1037,1971,Failure
1038,1971,Failure
1039,1971,Success
1040,1971,Success
1041,1971,Success
1042,1971,Success
1043,1971,Success
1044,1971,Success
1045,1971,Success
1046,1971,Success
1047,1971,Success
1048,1971,Partial Failure
1049,1971,Success
1050,1971,Success
1051,1972,Success
1052,1972,Success
1053,1972,Success
1054,1972,Success
1055,1972,Success
1056,1972,Success
1057,1972,Success
1058,1972,Success
1059,1972,Failure
1060,1972,Success
1061,1972,Success
1062,1972,Success
1063,1972,Success
1064,1972,Success
1065,1972,Success
1066,1972,Success
1067,1972,Success
1068,1972,Success
1069,1972,Success
1070,1972,Success
1071,1972,Success
1072,1972,Partial Failure
1073,1972,Success
1074,1972,Success
1075,1972,Success
1076,1972,Success
1077,1972,Success
1078,1972,Success
1079,1972,Success
1080,1972,Success
1081,1972,Success
1082,1972,Failure
1083,1972,Success
1084,1972,Success
1085,1972,Success
1086,1972,Success
1087,1972,Failure
1088,1972,Success
1089,1972,Success
1090,1972,Success
1091,1972,Success
1092,1972,Success
1093,1972,Success
1094,1972,Success
1095,1972,Success
1096,1972,Success
1097,1972,Success
1098,1972,Success
1099,1972,Success
1100,1972,Success
1101,1972,Success
1102,1972,Success
1103,1972,Partial Failure
1104,1972,Success
1105,1972,Success
1106,1972,Failure
1107,1972,Success
1108,1972,Success
1109,1972,Success
1110,1972,Success
1111,1972,Success
1112,1972,Success
1113,1972,Success
1114,1972,Success
1115,1972,Success
1116,1972,Success
1117,1972,Failure
1118,1972,Success
1119,1972,Success
1120,1972,Success
1121,1972,Success
1122,1972,Success
1123,1972,Success
1124,1972,Success
1125,1972,Success
1126,1972,Success
1127,1972,Success
1128,1972,Success
1129,1972,Failure
1130,1972,Success
1131,1972,Success
1132,1972,Success
1133,1972,Success
1134,1972,Success
1135,1972,Success
1136,1972,Success
1137,1972,Failure
1138,1972,Success
1139,1972,Success
1140,1972,Success
1141,1972,Success
1142,1972,Success
1143,1972,Success
1144,1972,Success
1145,1972,Success
1146,1972,Success
1147,1972,Success
1148,1972,Success
1149,1972,Partial Failure
1150,1973,Success
1151,1973,Success
1152,1973,Success
1153,1973,Success
1154,1973,Success
1155,1973,Success
1156,1973,Success
1157,1973,Success
1158,1973,Success
1159,1973,Success
1160,1973,Success
1161,1973,Success
1162,1973,Success
1163,1973,Success
1164,1973,Success
1165,1973,Success
1166,1973,Success
1167,1973,Success
1168,1973,Success
1169,1973,Success
1170,1973,Success
1171,1973,Failure
1172,1973,Success
1173,1973,Success
1174,1973,Success
1175,1973,Success
1176,1973,Success
1177,1973,Success
1178,1973,Failure
1179,1973,Success
1180,1973,Success
1181,1973,Failure
1182,1973,Success
1183,1973,Success
1184,1973,Success
1185,1973,Success
1186,1973,Success
1187,1973,Success
1188,1973,Success
1189,1973,Success
1190,1973,Success
1191,1973,Success
1192,1973,Success
1193,1973,Failure
1194,1973,Failure
1195,1973,Success
1196,1973,Failure
1197,1973,Success
1198,1973,Success
1199,1973,Success
1200,1973,Success
1201,1973,Success
1202,1973,Success
1203,1973,Success
1204,1973,Success
1205,1973,Success
1206,1973,Success
1207,1973,Success
1208,1973,Success
1209,1973,Success
1210,1973,Success
1211,1973,Success
1212,1973,Success
1213,1973,Failure
1214,1973,Success
1215,1973,Success
1216,1973,Success
1217,1973,Success
1218,1973,Success
1219,1973,Success
1220,1973,Success
1221,1973,Success
1222,1973,Success
1223,1973,Success
1224,1973,Success
1225,1973,Success
1226,1973,Success
1227,1973,Success
1228,1973,Success
1229,1973,Success
1230,1973,Success
1231,1973,Success
1232,1973,Success
1233,1973,Success
1234,1973,Success
1235,1973,Success
1236,1973,Success
1237,1973,Success
1238,1973,Success
1239,1973,Success
1240,1973,Success
1241,1973,Success
1242,1973,Success
1243,1973,Success
1244,1973,Success
1245,1973,Success
1246,1973,Success
1247,1973,Success
1248,1973,Success
1249,1973,Success
1250,1973,Success
1251,1973,Success
1252,1973,Success
1253,1974,Success
1254,1974,Success
1255,1974,Success
1256,1974,Success
1257,1974,Success
1258,1974,Success
1259,1974,Failure
1260,1974,Success
1261,1974,Success
1262,1974,Success
1263,1974,Success
1264,1974,Success
1265,1974,Success
1266,1974,Success
1267,1974,Success
1268,1974,Success
1269,1974,Success
1270,1974,Success
1271,1974,Success
1272,1974,Success
1273,1974,Success
1274,1974,Failure
1275,1974,Success
1276,1974,Success
1277,1974,Success
1278,1974,Success
1279,1974,Success
1280,1974,Success
1281,1974,Success
1282,1974,Success
1283,1974,Success
1284,1974,Success
1285,1974,Success
1286,1974,Failure
1287,1974,Success
1288,1974,Success
1289,1974,Success
1290,1974,Success
1291,1974,Success
1292,1974,Success
1293,1974,Success
1294,1974,Success
1295,1974,Success
1296,1974,Success
1297,1974,Success
1298,1974,Success
1299,1974,Success
1300,1974,Success
1301,1974,Success
1302,1974,Success
1303,1974,Failure
1304,1974,Success
1305,1974,Failure
1306,1974,Success
1307,1974,Success
1308,1974,Success
1309,1974,Success
1310,1974,Success
1311,1974,Success
1312,1974,Success
1313,1974,Success
1314,1974,Success
1315,1974,Success
1316,1974,Success
1317,1974,Success
1318,1974,Success
1319,1974,Failure
1320,1974,Success
1321,1974,Success
1322,1974,Success
1323,1974,Success
1324,1974,Success
1325,1974,Success
1326,1974,Success
1327,1974,Success
1328,1974,Success
1329,1974,Success
1330,1974,Success
1331,1974,Success
1332,1974,Success
1333,1974,Success
1334,1974,Success
1335,1974,Success
1336,1974,Failure
1337,1974,Success
1338,1974,Success
1339,1974,Success
1340,1974,Success
1341,1974,Success
1342,1974,Success
1343,1974,Success
1344,1974,Partial Failure
1345,1974,Success
1346,1974,Success
1347,1974,Success
1348,1974,Success
1349,1974,Success
1350,1974,Success
1351,1975,Success
1352,1975,Success
1353,1975,Success
1354,1975,Success
1355,1975,Success
1356,1975,Success
1357,1975,Success
1358,1975,Success
1359,1975,Success
1360,1975,Success
1361,1975,Success
1362,1975,Failure
1363,1975,Success
1364,1975,Success
1365,1975,Success
1366,1975,Success
1367,1975,Success
1368,1975,Success
1369,1975,Success
1370,1975,Success
1371,1975,Success
1372,1975,Success
1373,1975,Success
1374,1975,Failure
1375,1975,Success
1376,1975,Success
1377,1975,Success
1378,1975,Failure
1379,1975,Success
1380,1975,Success
1381,1975,Success
1382,1975,Success
1383,1975,Success
1384,1975,Success
1385,1975,Success
1386,1975,Success
1387,1975,Success
1388,1975,Success
1389,1975,Failure
1390,1975,Success
1391,1975,Success
1392,1975,Success
1393,1975,Success
1394,1975,Success
1395,1975,Success
1396,1975,Success
1397,1975,Failure
1398,1975,Success
1399,1975,Success
1400,1975,Success
1401,1975,Success
1402,1975,Success
1403,1975,Success
1404,1975,Success
1405,1975,Success
1406,1975,Success
1407,1975,Success
1408,1975,Success
1409,1975,Success
1410,1975,Success
1411,1975,Success
1412,1975,Success
1413,1975,Success
1414,1975,Success
1415,1975,Success
1416,1975,Success
1417,1975,Success
1418,1975,Success
1419,1975,Success
1420,1975,Success
1421,1975,Success
1422,1975,Success
1423,1975,Success
1424,1975,Success
1425,1975,Success
1426,1975,Success
1427,1975,Success
1428,1975,Success
1429,1975,Success
1430,1975,Success
1431,1975,Success
1432,1975,Success
1433,1975,Success
1434,1975,Success
1435,1975,Success
1436,1975,Success
1437,1975,Success
1438,1975,Success
1439,1975,Success
1440,1975,Success
1441,1975,Success
1442,1975,Success
1443,1975,Success
1444,1975,Success
1445,1975,Success
1446,1975,Success
1447,1975,Success
1448,1975,Success
1449,1975,Success
1450,1975,Success
1451,1975,Success
1452,1975,Success
1453,1975,Success
1454,1975,Success
1455,1975,Success
1456,1975,Success
1457,1975,Success
1458,1975,Success
1459,1975,Success
1460,1975,Failure
1461,1975,Success
1462,1975,Success
1463,1975,Success
1464,1976,Success
1465,1976,Success
1466,1976,Success
1467,1976,Success
1468,1976,Success
1469,1976,Success
1470,1976,Success
1471,1976,Success
1472,1976,Success
1473,1976,Success
1474,1976,Failure
1475,1976,Success
1476,1976,Success
1477,1976,Success
1478,1976,Success
1479,1976,Success
1480,1976,Success
1481,1976,Success
1482,1976,Success
1483,1976,Success
1484,1976,Success
1485,1976,Success
1486,1976,Success
1487,1976,Success
1488,1976,Success
1489,1976,Success
1490,1976,Success
1491,1976,Success
1492,1976,Success
1493,1976,Success
1494,1976,Success
1495,1976,Success
1496,1976,Success
1497,1976,Success
1498,1976,Success
1499,1976,Success
1500,1976,Success
1501,1976,Success
1502,1976,Success
1503,1976,Success
1504,1976,Success
1505,1976,Success
1506,1976,Success
1507,1976,Success
1508,1976,Success
1509,1976,Success
1510,1976,Success
1511,1976,Success
1512,1976,Success
1513,1976,Success
1514,1976,Success
1515,1976,Success
1516,1976,Success
1517,1976,Partial Failure
1518,1976,Success
1519,1976,Success
1520,1976,Success
1521,1976,Success
1522,1976,Success
1523,1976,Success
1524,1976,Success
1525,1976,Success
1526,1976,Success
1527,1976,Success
1528,1976,Success
1529,1976,Success
1530,1976,Success
1531,1976,Success
1532,1976,Success
1533,1976,Success
1534,1976,Success
1535,1976,Success
1536,1976,Success
1537,1976,Success
1538,1976,Success
1539,1976,Success
1540,1976,Partial Failure
1541,1976,Success
1542,1976,Success
1543,1976,Success
1544,1976,Success
1545,1976,Success
1546,1976,Success
1547,1976,Success
1548,1976,Failure
1549,1976,Success
1550,1976,Success
1551,1976,Success
1552,1976,Success
1553,1976,Success
1554,1976,Success
1555,1976,Success
1556,1976,Success
1557,1976,Success
1558,1976,Failure
1559,1976,Success
1560,1976,Success
1561,1976,Success
1562,1976,Success
1563,1976,Success
1564,1976,Success
1565,1976,Success
1566,1976,Success
1567,1976,Success
1568,1976,Success
1569,1976,Success
1570,1976,Success
1571,1976,Success
1572,1976,Success
1573,1976,Success
1574,1976,Success
1575,1976,Success
1576,1976,Success
1577,1977,Success
1578,1977,Success
1579,1977,Success
1580,1977,Success
1581,1977,Success
1582,1977,Success
1583,1977,Success
1584,1977,Success
1585,1977,Success
1586,1977,Success
1587,1977,Success
1588,1977,Success
1589,1977,Failure
1590,1977,Success
1591,1977,Success
1592,1977,Success
1593,1977,Success
1594,1977,Success
1595,1977,Success
1596,1977,Success
1597,1977,Success
1598,1977,Success
1599,1977,Success
1600,1977,Success
1601,1977,Success
1602,1977,Success
1603,1977,Success
1604,1977,Success
1605,1977,Success
1606,1977,Success
1607,1977,Success
1608,1977,Success
1609,1977,Success
1610,1977,Success
1611,1977,Success
1612,1977,Success
1613,1977,Success
1614,1977,Success
1615,1977,Success
1616,1977,Success
1617,1977,Success
1618,1977,Success
1619,1977,Success
1620,1977,Success
1621,1977,Success
1622,1977,Success
1623,1977,Success
1624,1977,Success
1625,1977,Success
1626,1977,Success
1627,1977,Success
1628,1977,Success
1629,1977,Success
1630,1977,Success
1631,1977,Success
1632,1977,Success
1633,1977,Success
1634,1977,Success
1635,1977,Success
1636,1977,Success
1637,1977,Success
1638,1977,Success
1639,1977,Success
1640,1977,Success
1641,1977,Success
1642,1977,Success
1643,1977,Success
1644,1977,Failure
1645,1977,Success
1646,1977,Success
1647,1977,Success
1648,1977,Success
1649,1977,Success
1650,1977,Success
1651,1977,Success
1652,1977,Success
1653,1977,Success
1654,1977,Success
1655,1977,Success
1656,1977,Success
1657,1977,Success
1658,1977,Success
1659,1977,Success
1660,1977,Success
1661,1977,Success
1662,1977,Success
1663,1977,Success
1664,1977,Success
1665,1977,Success
1666,1977,Failure
1667,1977,Success
1668,1977,Success
1669,1977,Success
1670,1977,Success
1671,1977,Success
1672,1977,Success
1673,1977,Success
1674,1977,Success
1675,1977,Success
1676,1977,Failure
1677,1977,Success
1678,1977,Success
1679,1977,Success
1680,1977,Success
1681,1977,Success
1682,1977,Success
1683,1977,Success
1684,1977,Success
1685,1977,Success
1686,1977,Success
1687,1977,Success
1688,1977,Success
1689,1977,Success
1690,1977,Success
1691,1978,Success
1692,1978,Success
1693,1978,Success
1694,1978,Success
1695,1978,Success
1696,1978,Success
1697,1978,Success
1698,1978,Success
1699,1978,Success
1700,1978,Success
1701,1978,Success
1702,1978,Success
1703,1978,Success
1704,1978,Success
1705,1978,Success
1706,1978,Success
1707,1978,Success
1708,1978,Success
1709,1978,Success
1710,1978,Success
1711,1978,Success
1712,1978,Success
1713,1978,Success
1714,1978,Success
1715,1978,Success
1716,1978,Failure
1717,1978,Success
1718,1978,Success
1719,1978,Success
1720,1978,Success
1721,1978,Success
1722,1978,Success
1723,1978,Success
1724,1978,Success
1725,1978,Success
1726,1978,Success
1727,1978,Success
1728,1978,Success
1729,1978,Success
1730,1978,Success
1731,1978,Success
1732,1978,Success
1733,1978,Success
1734,1978,Success
1735,1978,Success
1736,1978,Success
1737,1978,Success
1738,1978,Success
1739,1978,Success
1740,1978,Success
1741,1978,Success
1742,1978,Success
1743,1978,Success
1744,1978,Success
1745,1978,Success
1746,1978,Success
1747,1978,Success
1748,1978,Success
1749,1978,Success
1750,1978,Success
1751,1978,Success
1752,1978,Success
1753,1978,Success
1754,1978,Success
1755,1978,Success
1756,1978,Success
1757,1978,Success
1758,1978,Success
1759,1978,Success
1760,1978,Success
1761,1978,Success
1762,1978,Success
1763,1978,Success
1764,1978,Success
1765,1978,Success
1766,1978,Success
1767,1978,Success
1768,1978,Success
1769,1978,Success
1770,1978,Success
1771,1978,Success
1772,1978,Success
1773,1978,Success
1774,1978,Success
1775,1978,Success
1776,1978,Success
1777,1978,Success
1778,1978,Success
1779,1978,Success
1780,1978,Success
1781,1978,Success
1782,1978,Partial Failure
1783,1978,Success
1784,1978,Success
1785,1978,Success
1786,1978,Partial Failure
1787,1978,Success
1788,1979,Success
1789,1979,Success
1790,1979,Success
1791,1979,Partial Failure
1792,1979,Success
1793,1979,Success
1794,1979,Success
1795,1979,Success
1796,1979,Success
1797,1979,Success
1798,1979,Success
1799,1979,Success
1800,1979,Success
1801,1979,Success
1802,1979,Success
1803,1979,Success
1804,1979,Success
1805,1979,Success
1806,1979,Success
1807,1979,Success
1808,1979,Success
1809,1979,Success
1810,1979,Success
1811,1979,Success
1812,1979,Success
1813,1979,Success
1814,1979,Success
1815,1979,Success
1816,1979,Success
1817,1979,Success
1818,1979,Success
1819,1979,Failure
1820,1979,Success
1821,1979,Failure
1822,1979,Success
1823,1979,Success
1824,1979,Success
1825,1979,Success
1826,1979,Success
1827,1979,Success
1828,1979,Success
1829,1979,Success
1830,1979,Success
1831,1979,Success
1832,1979,Success
1833,1979,Success
1834,1979,Success
1835,1979,Success
1836,1979,Success
1837,1980,Success
1838,1980,Success
1839,1980,Success
1840,1980,Success
1841,1980,Success
1842,1980,Success
1843,1980,Success
1844,1980,Success
1845,1980,Success
1846,1980,Partial Failure
1847,1980,Success
1848,1980,Success
1849,1980,Success
1850,1980,Success
1851,1980,Success
1852,1980,Success
1853,1980,Success
1854,1980,Success
1855,1980,Success
1856,1980,Partial Failure
1857,1980,Success
1858,1980,Success
1859,1980,Success
1860,1980,Success
1861,1980,Failure
1862,1980,Failure
1863,1980,Success
1864,1980,Success
1865,1980,Success
1866,1980,Success
1867,1980,Success
1868,1980,Success
1869,1980,Success
1870,1980,Success
1871,1980,Success
1872,1980,Success
1873,1980,Success
1874,1980,Success
1875,1980,Success
1876,1980,Success
1877,1980,Success
1878,1980,Success
1879,1980,Success
1880,1980,Success
1881,1980,Success
1882,1980,Success
1883,1980,Success
1884,1980,Success
1885,1980,Success
1886,1980,Success
1887,1980,Failure
1888,1980,Success
1889,1980,Success
1890,1980,Partial Failure
1891,1980,Success
1892,1981,Success
1893,1981,Success
1894,1981,Success
1895,1981,Failure
1896,1981,Success
1897,1981,Success
1898,1981,Success
1899,1981,Success
1900,1981,Success
1901,1981,Success
1902,1981,Success
1903,1981,Success
1904,1981,Success
1905,1981,Success
1906,1981,Success
1907,1981,Success
1908,1981,Success
1909,1981,Success
1910,1981,Success
1911,1981,Success
1912,1981,Success
1913,1981,Success
1914,1981,Success
1915,1981,Success
1916,1981,Success
1917,1981,Success
1918,1981,Success
1919,1981,Success
1920,1981,Success
1921,1981,Partial Failure
1922,1981,Success
1923,1981,Success
1924,1981,Success
1925,1981,Success
1926,1981,Success
1927,1981,Success
1928,1981,Success
1929,1981,Success
1930,1981,Success
1931,1981,Partial Failure
1932,1981,Success
1933,1981,Success
1934,1981,Success
1935,1981,Success
1936,1981,Success
1937,1981,Success
1938,1981,Success
1939,1981,Success
1940,1981,Partial Failure
1941,1981,Success
1942,1981,Success
1943,1981,Success
1944,1981,Success
1945,1981,Success
1946,1981,Success
1947,1981,Success
1948,1981,Success
1949,1981,Success
1950,1981,Success
1951,1981,Success
1952,1981,Success
1953,1981,Success
1954,1981,Success
1955,1981,Success
1956,1981,Success
1957,1981,Partial Failure
1958,1981,Success
1959,1981,Success
1960,1981,Failure
1961,1981,Success
1962,1981,Success
1963,1982,Success
1964,1982,Success
1965,1982,Success
1966,1982,Success
1967,1982,Success
1968,1982,Success
1969,1982,Success
1970,1982,Success
1971,1982,Success
1972,1982,Failure
1973,1982,Success
1974,1982,Success
1975,1982,Success
1976,1982,Success
1977,1982,Success
1978,1982,Success
1979,1982,Success
1980,1982,Success
1981,1982,Success
1982,1982,Success
1983,1982,Success
1984,1982,Success
1985,1982,Success
1986,1982,Success
1987,1982,Success
1988,1982,Success
1989,1982,Success
1990,1982,Success
1991,1982,Success
1992,1982,Success
1993,1982,Success
1994,1982,Success
1995,1982,Success
1996,1982,Success
1997,1982,Success
1998,1982,Partial Failure
1999,1982,Success
2000,1982,Success
2001,1982,Success
2002,1982,Success
2003,1982,Success
2004,1982,Success
2005,1982,Success
2006,1982,Success
2007,1982,Success
2008,1982,Success
2009,1982,Success
2010,1982,Success
2011,1982,Success
2012,1982,Success
2013,1982,Failure
2014,1982,Success
2015,1982,Success
2016,1982,Success
2017,1982,Success
2018,1982,Success
2019,1982,Success
2020,1982,Success
2021,1982,Success
2022,1982,Success
2023,1982,Success
2024,1982,Success
2025,1982,Failure
2026,1982,Partial Failure
2027,1982,Success
2028,1982,Success
2029,1982,Success
2030,1983,Success
2031,1983,Success
2032,1983,Success
2033,1983,Failure
2034,1983,Success
2035,1983,Success
2036,1983,Success
2037,1983,Success
2038,1983,Success
2039,1983,Success
2040,1983,Success
2041,1983,Success
2042,1983,Success
2043,1983,Success
2044,1983,Success
2045,1983,Success
2046,1983,Success
2047,1983,Success
2048,1983,Success
2049,1983,Success
2050,1983,Success
2051,1983,Success
2052,1983,Success
2053,1983,Success
2054,1983,Success
2055,1983,Success
2056,1983,Success
2057,1983,Success
2058,1983,Success
2059,1983,Success
2060,1983,Success
2061,1983,Success
2062,1983,Success
2063,1983,Success
2064,1983,Success
2065,1983,Success
2066,1983,Success
2067,1983,Success
2068,1983,Success
2069,1983,Success
2070,1983,Success
2071,1983,Success
2072,1983,Success
2073,1983,Success
2074,1983,Success
2075,1983,Success
2076,1983,Success
2077,1983,Success
2078,1983,Success
2079,1983,Success
2080,1983,Success
2081,1983,Success
2082,1983,Success
2083,1983,Success
2084,1983,Success
2085,1983,Success
2086,1983,Success
2087,1983,Success
2088,1983,Success
2089,1983,Success
2090,1983,Success
2091,1983,Success
2092,1983,Success
2093,1983,Success
2094,1983,Success
2095,1983,Success
2096,1984,Success
2097,1984,Success
2098,1984,Success
2099,1984,Success
2100,1984,Partial Failure
2101,1984,Success
2102,1984,Success
2103,1984,Success
2104,1984,Success
2105,1984,Success
2106,1984,Success
2107,1984,Success
2108,1984,Success
2109,1984,Success
2110,1984,Success
2111,1984,Success
2112,1984,Success
2113,1984,Success
2114,1984,Success
2115,1984,Success
2116,1984,Success
2117,1984,Success
2118,1984,Success
2119,1984,Success
2120,1984,Success
2121,1984,Success
2122,1984,Success
2123,1984,Success
2124,1984,Success
2125,1984,Success
2126,1984,Failure
2127,1984,Success
2128,1984,Success
2129,1984,Success
2130,1984,Success
2131,1984,Success
2132,1984,Success
2133,1984,Success
2134,1984,Success
2135,1984,Success
2136,1984,Success
2137,1984,Success
2138,1984,Success
2139,1984,Success
2140,1984,Success
2141,1984,Success
2142,1984,Success
2143,1984,Success
2144,1984,Success
2145,1984,Success
2146,1984,Success
2147,1984,Success
2148,1984,Success
2149,1984,Success
2150,1984,Success
2151,1984,Success
2152,1984,Success
2153,1984,Success
2154,1984,Success
2155,1984,Success
2156,1984,Success
2157,1984,Success
2158,1984,Partial Failure
2159,1984,Success
2160,1984,Success
2161,1984,Success
2162,1984,Success
2163,1984,Success
2164,1984,Success
2165,1985,Success
2166,1985,Success
2167,1985,Success
2168,1985,Success
2169,1985,Success
2170,1985,Success
2171,1985,Success
2172,1985,Success
2173,1985,Success
2174,1985,Success
2175,1985,Success
2176,1985,Success
2177,1985,Success
2178,1985,Success
2179,1985,Success
2180,1985,Success
2181,1985,Success
2182,1985,Success
2183,1985,Failure
2184,1985,Success
2185,1985,Success
2186,1985,Success
2187,1985,Success
2188,1985,Success
2189,1985,Success
2190,1985,Success
2191,1985,Success
2192,1985,Success
2193,1985,Success
2194,1985,Success
2195,1985,Success
2196,1985,Success
2197,1985,Failure
2198,1985,Success
2199,1985,Success
2200,1985,Success
2201,1985,Success
2202,1985,Success
2203,1985,Success
2204,1985,Success
2205,1985,Success
2206,1985,Success
2207,1985,Success
2208,1985,Success
2209,1985,Failure
2210,1985,Success
2211,1985,Failure
2212,1985,Success
2213,1985,Success
2214,1985,Success
2215,1985,Success
2216,1985,Success
2217,1985,Success
2218,1985,Success
2219,1985,Success
2220,1985,Success
2221,1985,Success
2222,1985,Success
2223,1985,Success
2224,1985,Success
2225,1985,Success
2226,1985,Failure
2227,1985,Success
2228,1985,Success
2229,1985,Success
2230,1985,Success
2231,1985,Success
2232,1985,Success
2233,1985,Success
2234,1985,Success
2235,1985,Success
2236,1985,Success
2237,1985,Success
2238,1985,Partial Failure
2239,1986,Success
2240,1986,Success
2241,1986,Success
2242,1986,Success
2243,1986,Success
2244,1986,Failure
2245,1986,Success
2246,1986,Success
2247,1986,Success
2248,1986,Success
2249,1986,Success
2250,1986,Success
2251,1986,Success
2252,1986,Success
2253,1986,Success
2254,1986,Success
2255,1986,Success
2256,1986,Success
2257,1986,Failure
2258,1986,Success
2259,1986,Success
2260,1986,Success
2261,1986,Success
2262,1986,Failure
2263,1986,Success
2264,1986,Success
2265,1986,Success
2266,1986,Success
2267,1986,Success
2268,1986,Partial Failure
2269,1986,Success
2270,1986,Success
2271,1986,Success
2272,1986,Success
2273,1986,Success
2274,1986,Success
2275,1986,Success
2276,1986,Success
2277,1986,Success
2278,1986,Success
2279,1986,Success
2280,1986,Success
2281,1986,Partial Failure
2282,1986,Success
2283,1986,Failure
2284,1986,Success
2285,1986,Success
2286,1986,Success
2287,1986,Success
2288,1986,Success
2289,1986,Success
2290,1986,Success
2291,1986,Success
2292,1986,Success
2293,1986,Success
2294,1986,Success
2295,1986,Success
2296,1986,Success
2297,1986,Success
2298,1986,Success
2299,1986,Success
2300,1986,Success
2301,1987,Success
2302,1987,Success
2303,1987,Success
2304,1987,Success
2305,1987,Success
2306,1987,Partial Failure
2307,1987,Success
2308,1987,Success
2309,1987,Success
2310,1987,Success
2311,1987,Success
2312,1987,Success
2313,1987,Success
2314,1987,Success
2315,1987,Success
2316,1987,Success
2317,1987,Failure
2318,1987,Failure
2319,1987,Success
2320,1987,Success
2321,1987,Success
2322,1987,Success
2323,1987,Success
2324,1987,Success
2325,1987,Success
2326,1987,Success
2327,1987,Success
2328,1987,Success
2329,1987,Success
2330,1987,Success
2331,1987,Success
2332,1987,Success
2333,1987,Success
2334,1987,Success
2335,1987,Success
2336,1987,Success
2337,1987,Success
2338,1987,Success
2339,1987,Success
2340,1987,Success
2341,1987,Success
2342,1987,Success
2343,1987,Success
2344,1987,Success
2345,1987,Success
2346,1987,Success
2347,1987,Success
2348,1987,Success
2349,1987,Success
2350,1987,Success
2351,1987,Success
2352,1987,Success
2353,1987,Success
2354,1987,Success
2355,1987,Success
2356,1987,Success
2357,1988,Success
2358,1988,Success
2359,1988,Success
2360,1988,Success
2361,1988,Success
2362,1988,Success
2363,1988,Success
2364,1988,Success
2365,1988,Success
2366,1988,Success
2367,1988,Success
2368,1988,Success
2369,1988,Success
2370,1988,Success
2371,1988,Success
2372,1988,Success
2373,1988,Success
2374,1988,Success
2375,1988,Success
2376,1988,Success
2377,1988,Success
2378,1988,Success
2379,1988,Success
2380,1988,Success
2381,1988,Success
2382,1988,Success
2383,1988,Success
2384,1988,Success
2385,1988,Success
2386,1988,Success
2387,1988,Success
2388,1988,Success
2389,1988,Success
2390,1988,Failure
2391,1988,Success
2392,1988,Success
2393,1988,Partial Failure
2394,1988,Success
2395,1988,Success
2396,1988,Success
2397,1988,Success
2398,1988,Success
2399,1988,Success
2400,1988,Success
2401,1988,Success
2402,1988,Success
2403,1988,Success
2404,1988,Success
2405,1988,Success
2406,1988,Success
2407,1988,Success
2408,1988,Success
2409,1988,Success
2410,1988,Success
2411,1988,Success
2412,1988,Success
2413,1988,Success
2414,1988,Success
2415,1988,Success
2416,1989,Success
2417,1989,Success
2418,1989,Success
2419,1989,Success
2420,1989,Success
2421,1989,Success
2422,1989,Success
2423,1989,Success
2424,1989,Success
2425,1989,Success
2426,1989,Success
2427,1989,Success
2428,1989,Success
2429,1989,Success
2430,1989,Success
2431,1989,Success
2432,1989,Success
2433,1989,Success
2434,1989,Partial Failure
2435,1989,Success
2436,1989,Success
2437,1989,Success
2438,1989,Failure
2439,1989,Success
2440,1989,Success
2441,1989,Success
2442,1989,Success
2443,1989,Success
2444,1989,Success
2445,1989,Success
2446,1989,Success
2447,1989,Success
2448,1989,Success
2449,1989,Success
2450,1989,Success
2451,1989,Success
2452,1989,Success
2453,1989,Success
2454,1989,Success
2455,1989,Success
2456,1989,Success
2457,1989,Success
2458,1989,Success
2459,1989,Success
2460,1989,Success
2461,1989,Success
2462,1989,Success
2463,1989,Success
2464,1989,Success
2465,1989,Success
2466,1989,Success
2467,1989,Success
2468,1990,Success
2469,1990,Success
2470,1990,Success
2471,1990,Success
2472,1990,Success
2473,1990,Success
2474,1990,Success
2475,1990,Success
2476,1990,Success
2477,1990,Success
2478,1990,Success
2479,1990,Success
2480,1990,Success
2481,1990,Success
2482,1990,Failure
2483,1990,Success
2484,1990,Success
2485,1990,Success
2486,1990,Failure
2487,1990,Success
2488,1990,Success
2489,1990,Success
2490,1990,Success
2491,1990,Success
2492,1990,Success
2493,1990,Success
2494,1990,Success
2495,1990,Success
2496,1990,Success
2497,1990,Success
2498,1990,Success
2499,1990,Success
2500,1990,Success
2501,1990,Success
2502,1990,Success
2503,1990,Success
2504,1990,Success
2505,1990,Success
2506,1990,Success
2507,1990,Partial Failure
2508,1990,Success
2509,1990,Success
2510,1990,Success
2511,1990,Success
2512,1990,Success
2513,1990,Success
2514,1990,Success
2515,1990,Success
2516,1990,Success
2517,1990,Success
2518,1990,Success
2519,1990,Success
2520,1990,Success
2521,1990,Success
2522,1990,Success
2523,1990,Success
2524,1990,Success
2525,1990,Success
2526,1990,Success
2527,1990,Success
2528,1990,Failure
2529,1990,Success
2530,1990,Success
2531,1990,Success
2532,1990,Success
2533,1990,Success
2534,1990,Success
2535,1990,Success
2536,1990,Success
2537,1990,Success
2538,1990,Success
2539,1990,Success
2540,1990,Success
2541,1990,Success
2542,1990,Success
2543,1990,Success
2544,1990,Success
2545,1990,Success
2546,1990,Success
2547,1990,Success
2548,1991,Success
2549,1991,Success
2550,1991,Success
2551,1991,Success
2552,1991,Success
2553,1991,Success
2554,1991,Success
2555,1991,Success
2556,1991,Success
2557,1991,Success
2558,1991,Success
2559,1991,Success
2560,1991,Success
2561,1991,Success
2562,1991,Success
2563,1991,Success
2564,1991,Success
2565,1991,Success
2566,1991,Failure
2567,1991,Success
2568,1991,Success
2569,1991,Success
2570,1991,Success
2571,1991,Success
2572,1991,Success
2573,1991,Success
2574,1991,Success
2575,1991,Success
2576,1991,Success
2577,1991,Failure
2578,1991,Success
2579,1991,Success
2580,1991,Partial Failure
2581,1991,Success
2582,1991,Success
2583,1991,Success
2584,1991,Success
2585,1991,Success
2586,1991,Success
2587,1991,Success
2588,1991,Success
2589,1991,Success
2590,1991,Failure
2591,1991,Success
2592,1991,Success
2593,1991,Success
2594,1991,Success
2595,1991,Success
2596,1991,Success
2597,1991,Success
2598,1991,Success
2599,1991,Success
2600,1991,Success
2601,1991,Success
2602,1991,Success
2603,1991,Success
2604,1991,Success
2605,1991,Success
2606,1991,Partial Failure
2607,1992,Success
2608,1992,Success
2609,1992,Failure
2610,1992,Success
2611,1992,Success
2612,1992,Success
2613,1992,Success
2614,1992,Success
2615,1992,Success
2616,1992,Success
2617,1992,Success
2618,1992,Success
2619,1992,Success
2620,1992,Success
2621,1992,Success
2622,1992,Success
2623,1992,Success
2624,1992,Success
2625,1992,Success
2626,1992,Success
2627,1992,Success
2628,1992,Success
2629,1992,Success
2630,1992,Success
2631,1992,Success
2632,1992,Success
2633,1992,Success
2634,1992,Success
2635,1992,Success
2636,1992,Success
2637,1992,Success
2638,1992,Success
2639,1992,Success
2640,1992,Success
2641,1992,Success
2642,1992,Success
2643,1992,Failure
2644,1992,Success
2645,1992,Success
2646,1992,Success
2647,1992,Success
2648,1992,Success
2649,1992,Success
2650,1992,Success
2651,1992,Success
2652,1992,Success
2653,1992,Success
2654,1992,Success
2655,1992,Success
2656,1992,Success
2657,1992,Success
2658,1992,Success
2659,1992,Success
2660,1992,Success
2661,1992,Success
2662,1992,Success
2663,1992,Success
2664,1992,Success
2665,1992,Failure
2666,1992,Success
2667,1992,Success
2668,1992,Success
2669,1993,Success
2670,1993,Success
2671,1993,Success
2672,1993,Success
2673,1993,Success
2674,1993,Success
2675,1993,Success
2676,1993,Success
2677,1993,Success
2678,1993,Success
2679,1993,Failure
2680,1993,Success
2681,1993,Success
2682,1993,Success
2683,1993,Success
2684,1993,Success
2685,1993,Success
2686,1993,Success
2687,1993,Success
2688,1993,Success
2689,1993,Success
2690,1993,Success
2691,1993,Success
2692,1993,Success
2693,1993,Success
2694,1993,Success
2695,1993,Success
2696,1993,Success
2697,1993,Success
2698,1993,Success
2699,1993,Success
2700,1993,Success
2701,1993,Success
2702,1993,Success
2703,1993,Success
2704,1993,Failure
2705,1993,Success
2706,1993,Success
2707,1993,Success
2708,1993,Success
2709,1993,Success
2710,1993,Success
2711,1993,Success
2712,1993,Success
2713,1993,Success
2714,1993,Failure
2715,1993,Success
2716,1993,Failure
2717,1993,Success
2718,1993,Success
2719,1993,Success
2720,1993,Success
2721,1993,Success
2722,1993,Success
2723,1993,Success
2724,1993,Success
2725,1993,Success
2726,1993,Success
2727,1993,Success
2728,1993,Success
2729,1993,Success
2730,1994,Failure
2731,1994,Success
2732,1994,Success
2733,1994,Success
2734,1994,Success
2735,1994,Success
2736,1994,Success
2737,1994,Success
2738,1994,Success
2739,1994,Success
2740,1994,Success
2741,1994,Success
2742,1994,Success
2743,1994,Success
2744,1994,Success
2745,1994,Success
2746,1994,Success
2747,1994,Success
2748,1994,Success
2749,1994,Partial Failure
2750,1994,Failure
2751,1994,Success
2752,1994,Success
2753,1994,Failure
2754,1994,Success
2755,1994,Success
2756,1994,Success
2757,1994,Success
2758,1994,Success
2759,1994,Success
2760,1994,Success
2761,1994,Success
2762,1994,Success
2763,1994,Success
2764,1994,Success
2765,1994,Success
2766,1994,Success
2767,1994,Success
2768,1994,Success
2769,1994,Success
2770,1994,Success
2771,1994,Success
2772,1994,Success
2773,1994,Success
2774,1994,Success
2775,1994,Success
2776,1994,Success
2777,1994,Success
2778,1994,Success
2779,1994,Success
2780,1994,Success
2781,1994,Success
2782,1994,Success
2783,1994,Success
2784,1994,Success
2785,1994,Success
2786,1994,Partial Failure
2787,1994,Failure
2788,1994,Success
2789,1994,Success
2790,1994,Success
2791,1994,Success
2792,1994,Success
2793,1994,Success
2794,1995,Success
2795,1995,Partial Failure
2796,1995,Success
2797,1995,Failure
2798,1995,Success
2799,1995,Success
2800,1995,Success
2801,1995,Success
2802,1995,Success
2803,1995,Success
2804,1995,Success
2805,1995,Success
2806,1995,Failure
2807,1995,Success
2808,1995,Success
2809,1995,Success
2810,1995,Success
2811,1995,Success
2812,1995,Success
2813,1995,Success
2814,1995,Success
2815,1995,Success
2816,1995,Success
2817,1995,Success
2818,1995,Success
2819,1995,Failure
2820,1995,Success
2821,1995,Success
2822,1995,Success
2823,1995,Success
2824,1995,Success
2825,1995,Success
2826,1995,Success
2827,1995,Success
2828,1995,Success
2829,1995,Failure
2830,1995,Success
2831,1995,Success
2832,1995,Success
2833,1995,Partial Failure
2834,1995,Success
2835,1995,Success
2836,1995,Partial Failure
2837,1995,Success
2838,1995,Success
2839,1995,Success
2840,1995,Failure
2841,1995,Success
2842,1995,Success
2843,1995,Success
2844,1995,Success
2845,1995,Success
2846,1995,Success
2847,1995,Success
2848,1995,Success
2849,1995,Success
2850,1995,Success
2851,1995,Success
2852,1995,Success
2853,1995,Success
2854,1995,Success
2855,1996,Success
2856,1996,Success
2857,1996,Success
2858,1996,Success
2859,1996,Success
2860,1996,Success
2861,1996,Failure
2862,1996,Success
2863,1996,Success
2864,1996,Success
2865,1996,Success
2866,1996,Success
2867,1996,Success
2868,1996,Success
2869,1996,Success
2870,1996,Success
2871,1996,Success
2872,1996,Success
2873,1996,Success
2874,1996,Success
2875,1996,Success
2876,1996,Success
2877,1996,Success
2878,1996,Success
2879,1996,Success
2880,1996,Success
2881,1996,Success
2882,1996,Failure
2883,1996,Success
2884,1996,Success
2885,1996,Success
2886,1996,Success
2887,1996,Success
2888,1996,Success
2889,1996,Success
2890,1996,Success
2891,1996,Success
2892,1996,Success
2893,1996,Success
2894,1996,Partial Failure
2895,1996,Success
2896,1996,Success
2897,1996,Success
2898,1996,Success
2899,1996,Success
2900,1996,Success
2901,1996,Success
2902,1996,Success
2903,1996,Success
2904,1996,Success
2905,1996,Failure
2906,1996,Success
2907,1996,Success
2908,1996,Success
2909,1996,Success
2910,1996,Success
2911,1996,Success
2912,1996,Success
2913,1996,Success
2914,1996,Success
2915,1997,Success
2916,1997,Failure
2917,1997,Success
2918,1997,Success
2919,1997,Success
2920,1997,Success
2921,1997,Success
2922,1997,Success
2923,1997,Success
2924,1997,Success
2925,1997,Success
2926,1997,Success
2927,1997,Success
2928,1997,Success
2929,1997,Success
2930,1997,Success
2931,1997,Success
2932,1997,Success
2933,1997,Success
2934,1997,Success
2935,1997,Success
2936,1997,Failure
2937,1997,Success
2938,1997,Success
2939,1997,Success
2940,1997,Success
2941,1997,Success
2942,1997,Success
2943,1997,Success
2944,1997,Success
2945,1997,Success
2946,1997,Success
2947,1997,Success
2948,1997,Success
2949,1997,Success
2950,1997,Success
2951,1997,Success
2952,1997,Success
2953,1997,Success
2954,1997,Success
2955,1997,Success
2956,1997,Success
2957,1997,Success
2958,1997,Success
2959,1997,Success
2960,1997,Success
2961,1997,Partial Failure
2962,1997,Success
2963,1997,Success
2964,1997,Success
2965,1997,Success
2966,1997,Success
2967,1997,Success
2968,1997,Partial Failure
2969,1997,Failure
2970,1997,Success
2971,1997,Success
2972,1997,Success
2973,1997,Success
2974,1997,Success
2975,1997,Success
2976,1997,Success
2977,1997,Success
2978,1997,Success
2979,1997,Success
2980,1997,Success
2981,1997,Success
2982,1997,Success
2983,1997,Success
2984,1997,Partial Failure
2985,1998,Success
2986,1998,Success
2987,1998,Success
2988,1998,Failure
2989,1998,Success
2990,1998,Success
2991,1998,Success
2992,1998,Success
2993,1998,Success
2994,1998,Partial Failure
2995,1998,Success
2996,1998,Success
2997,1998,Success
2998,1998,Success
2999,1998,Success
3000,1998,Success
3001,1998,Success
3002,1998,Success
3003,1998,Success
3004,1998,Success
3005,1998,Success
3006,1998,Success
3007,1998,Success
3008,1998,Success
3009,1998,Success
3010,1998,Success
3011,1998,Success
3012,1998,Success
3013,1998,Success
3014,1998,Partial Failure
3015,1998,Success
3016,1998,Success
3017,1998,Success
3018,1998,Success
3019,1998,Success
3020,1998,Success
3021,1998,Success
3022,1998,Success
3023,1998,Failure
3024,1998,Success
3025,1998,Success
3026,1998,Success
3027,1998,Success
3028,1998,Failure
3029,1998,Failure
3030,1998,Success
3031,1998,Failure
3032,1998,Success
3033,1998,Success
3034,1998,Success
3035,1998,Success
3036,1998,Success
3037,1998,Success
3038,1998,Success
3039,1998,Success
3040,1998,Success
3041,1998,Success
3042,1998,Success
3043,1998,Success
3044,1998,Success
3045,1998,Success
3046,1998,Success
3047,1998,Success
3048,1998,Success
3049,1998,Success
3050,1998,Success
3051,1998,Success
3052,1998,Success
3053,1999,Success
3054,1999,Success
3055,1999,Success
3056,1999,Success
3057,1999,Success
3058,1999,Success
3059,1999,Success
3060,1999,Success
3061,1999,Success
3062,1999,Failure
3063,1999,Success
3064,1999,Success
3065,1999,Success
3066,1999,Failure
3067,1999,Success
3068,1999,Failure
3069,1999,Failure
3070,1999,Success
3071,1999,Success
3072,1999,Success
3073,1999,Success
3074,1999,Success
3075,1999,Success
3076,1999,Success
3077,1999,Success
3078,1999,Success
3079,1999,Success
3080,1999,Success
3081,1999,Success
3082,1999,Success
3083,1999,Success
3084,1999,Success
3085,1999,Success
3086,1999,Success
3087,1999,Success
3088,1999,Success
3089,1999,Success
3090,1999,Success
3091,1999,Success
3092,1999,Success
3093,1999,Success
3094,1999,Success
3095,1999,Success
3096,1999,Failure
3097,1999,Success
3098,1999,Success
3099,1999,Success
3100,1999,Success
3101,1999,Success
3102,1999,Failure
3103,1999,Success
3104,1999,Success
3105,1999,Success
3106,1999,Success
3107,1999,Success
3108,1999,Success
3109,1999,Success
3110,2000,Success
3111,2000,Success
3112,2000,Success
3113,2000,Success
3114,2000,Success
3115,2000,Success
3116,2000,Failure
3117,2000,Success
3118,2000,Success
3119,2000,Success
3120,2000,Success
3121,2000,Failure
3122,2000,Success
3123,2000,Success
3124,2000,Success
3125,2000,Success
3126,2000,Success
3127,2000,Success
3128,2000,Success
3129,2000,Success
3130,2000,Success
3131,2000,Success
3132,2000,Success
3133,2000,Success
3134,2000,Success
3135,2000,Success
3136,2000,Success
3137,2000,Success
3138,2000,Success
3139,2000,Success
3140,2000,Success
3141,2000,Success
3142,2000,Success
3143,2000,Success
3144,2000,Success
3145,2000,Success
3146,2000,Success
3147,2000,Success
3148,2000,Success
3149,2000,Success
3150,2000,Success
3151,2000,Success
3152,2000,Success
3153,2000,Success
3154,2000,Success
3155,2000,Success
3156,2000,Success
3157,2000,Success
3158,2000,Failure
3159,2000,Success
3160,2000,Success
3161,2000,Success
3162,2000,Success
3163,2000,Success
3164,2000,Success
3165,2000,Success
3166,2000,Failure
3167,2001,Success
3168,2001,Success
3169,2001,Success
3170,2001,Success
3171,2001,Success
3172,2001,Success
3173,2001,Success
3174,2001,Success
3175,2001,Success
3176,2001,Success
3177,2001,Success
3178,2001,Partial Failure
3179,2001,Success
3180,2001,Success
3181,2001,Success
3182,2001,Success
3183,2001,Success
3184,2001,Success
3185,2001,Success
3186,2001,Success
3187,2001,Partial Failure
3188,2001,Success
3189,2001,Success
3190,2001,Success
3191,2001,Success
3192,2001,Success
3193,2001,Success
3194,2001,Success
3195,2001,Success
3196,2001,Failure
3197,2001,Success
3198,2001,Success
3199,2001,Success
3200,2001,Success
3201,2001,Success
3202,2001,Success
3203,2001,Success
3204,2001,Success
3205,2001,Success
3206,2001,Success
3207,2001,Success
3208,2001,Success
3209,2001,Success
3210,2002,Success
3211,2002,Success
3212,2002,Success
3213,2002,Success
3214,2002,Success
3215,2002,Success
3216,2002,Success
3217,2002,Success
3218,2002,Success
3219,2002,Success
3220,2002,Success
3221,2002,Success
3222,2002,Success
3223,2002,Success
3224,2002,Success
3225,2002,Success
3226,2002,Success
3227,2002,Success
3228,2002,Success
3229,2002,Success
3230,2002,Success
3231,2002,Success
3232,2002,Success
3233,2002,Success
3234,2002,Success
3235,2002,Success
3236,2002,Success
3237,2002,Success
3238,2002,Success
3239,2002,Success
3240,2002,Success
3241,2002,Success
3242,2002,Success
3243,2002,Success
3244,2002,Failure
3245,2002,Success
3246,2002,Success
3247,2002,Success
3248,2002,Success
3249,2002,Success
3250,2002,Success
3251,2002,Success
3252,2002,Success
3253,2002,Failure
3254,2002,Success
3255,2002,Success
3256,2002,Success
3257,2002,Success
3258,2002,Success
3259,2003,Success
3260,2003,Success
3261,2003,Failure
3262,2003,Success
3263,2003,Success
3264,2003,Success
3265,2003,Success
3266,2003,Success
3267,2003,Success
3268,2003,Success
3269,2003,Success
3270,2003,Success
3271,2003,Success
3272,2003,Success
3273,2003,Success
3274,2003,Success
3275,2003,Success
3276,2003,Success
3277,2003,Success
3278,2003,Success
3279,2003,Success
3280,2003,Success
3281,2003,Success
3282,2003,Success
3283,2003,Success
3284,2003,Success
3285,2003,Success
3286,2003,Success
3287,2003,Success
3288,2003,Success
3289,2003,Success
3290,2003,Success
3291,2003,Prelaunch Failure
3292,2003,Success
3293,2003,Success
3294,2003,Failure
3295,2003,Success
3296,2003,Success
3297,2003,Success
3298,2003,Success
3299,2003,Success
3300,2003,Success
3301,2003,Success
3302,2003,Success
3303,2003,Success
3304,2003,Success
3305,2003,Failure
3306,2003,Success
3307,2003,Success
3308,2003,Success
3309,2003,Success
3310,2003,Success
3311,2004,Success
3312,2004,Success
3313,2004,Success
3314,2004,Success
3315,2004,Success
3316,2004,Success
3317,2004,Success
3318,2004,Success
3319,2004,Success
3320,2004,Success
3321,2004,Success
3322,2004,Success
3323,2004,Success
3324,2004,Success
3325,2004,Success
3326,2004,Success
3327,2004,Success
3328,2004,Success
3329,2004,Success
3330,2004,Success
3331,2004,Success
3332,2004,Success
3333,2004,Success
3334,2004,Success
3335,2004,Success
3336,2004,Failure
3337,2004,Success
3338,2004,Success
3339,2004,Success
3340,2004,Success
3341,2004,Success
3342,2004,Success
3343,2004,Success
3344,2004,Success
3345,2004,Success
3346,2004,Success
3347,2004,Success
3348,2004,Success
3349,2004,Partial Failure
3350,2004,Partial Failure
3351,2005,Success
3352,2005,Success
3353,2005,Success
3354,2005,Success
3355,2005,Success
3356,2005,Success
3357,2005,Success
3358,2005,Success
3359,2005,Success
3360,2005,Success
3361,2005,Success
3362,2005,Success
3363,2005,Success
3364,2005,Success
3365,2005,Failure
3366,2005,Failure
3367,2005,Success
3368,2005,Success
3369,2005,Success
3370,2005,Success
3371,2005,Success
3372,2005,Success
3373,2005,Success
3374,2005,Success
3375,2005,Success
3376,2005,Success
3377,2005,Success
3378,2005,Success
3379,2005,Failure
3380,2005,Success
3381,2005,Success
3382,2005,Success
3383,2005,Success
3384,2005,Success
3385,2005,Success
3386,2005,Success
3387,2005,Success
3388,2006,Success
3389,2006,Success
3390,2006,Success
3391,2006,Success
3392,2006,Success
3393,2006,Success
3394,2006,Failure
3395,2006,Success
3396,2006,Success
3397,2006,Success
3398,2006,Success
3399,2006,Success
3400,2006,Success
3401,2006,Success
3402,2006,Success
3403,2006,Success
3404,2006,Success
3405,2006,Success
3406,2006,Success
3407,2006,Success
3408,2006,Success
3409,2006,Success
3410,2006,Failure
3411,2006,Success
3412,2006,Success
3413,2006,Failure
3414,2006,Success
3415,2006,Success
3416,2006,Success
3417,2006,Success
3418,2006,Success
3419,2006,Success
3420,2006,Success
3421,2006,Success
3422,2006,Success
3423,2006,Success
3424,2006,Success
3425,2006,Success
3426,2006,Success
3427,2006,Success
3428,2006,Success
3429,2006,Success
3430,2006,Success
3431,2006,Success
3432,2006,Success
3433,2006,Success
3434,2006,Success
3435,2006,Success
3436,2006,Success
3437,2007,Success
3438,2007,Failure
3439,2007,Success
3440,2007,Success
3441,2007,Success
3442,2007,Success
3443,2007,Success
3444,2007,Failure
3445,2007,Success
3446,2007,Success
3447,2007,Success
3448,2007,Success
3449,2007,Success
3450,2007,Success
3451,2007,Success
3452,2007,Success
3453,2007,Success
3454,2007,Success
3455,2007,Success
3456,2007,Success
3457,2007,Success
3458,2007,Success
3459,2007,Partial Failure
3460,2007,Success
3461,2007,Success
3462,2007,Success
3463,2007,Success
3464,2007,Success
3465,2007,Success
3466,2007,Success
3467,2007,Partial Failure
3468,2007,Success
3469,2007,Success
3470,2007,Success
3471,2007,Success
3472,2007,Success
3473,2007,Success
3474,2007,Success
3475,2007,Success
3476,2007,Success
3477,2007,Success
3478,2007,Success
3479,2007,Success
3480,2007,Success
3481,2007,Success
3482,2007,Success
3483,2007,Success
3484,2007,Success
3485,2007,Success
3486,2007,Success
3487,2008,Success
3488,2008,Success
3489,2008,Success
3490,2008,Success
3491,2008,Success
3492,2008,Success
3493,2008,Success
3494,2008,Success
3495,2008,Success
3496,2008,Success
3497,2008,Success
3498,2008,Success
3499,2008,Success
3500,2008,Success
3501,2008,Success
3502,2008,Partial Failure
3503,2008,Success
3504,2008,Success
3505,2008,Success
3506,2008,Success
3507,2008,Success
3508,2008,Success
3509,2008,Success
3510,2008,Success
3511,2008,Success
3512,2008,Success
3513,2008,Success
3514,2008,Success
3515,2008,Failure
3516,2008,Success
3517,2008,Failure
3518,2008,Success
3519,2008,Success
3520,2008,Success
3521,2008,Success
3522,2008,Success
3523,2008,Success
3524,2008,Success
3525,2008,Success
3526,2008,Success
3527,2008,Success
3528,2008,Success
3529,2008,Success
3530,2008,Success
3531,2008,Success
3532,2008,Success
3533,2008,Success
3534,2008,Success
3535,2009,Success
3536,2009,Success
3537,2009,Success
3538,2009,Success
3539,2009,Success
3540,2009,Success
3541,2009,Failure
3542,2009,Success
3543,2009,Success
3544,2009,Success
3545,2009,Success
3546,2009,Success
3547,2009,Success
3548,2009,Failure
3549,2009,Success
3550,2009,Success
3551,2009,Success
3552,2009,Success
3553,2009,Success
3554,2009,Success
3555,2009,Success
3556,2009,Success
3557,2009,Success
3558,2009,Success
3559,2009,Success
3560,2009,Success
3561,2009,Success
3562,2009,Success
3563,2009,Success
3564,2009,Success
3565,2009,Success
3566,2009,Failure
3567,2009,Success
3568,2009,Success
3569,2009,Success
3570,2009,Success
3571,2009,Success
3572,2009,Success
3573,2009,Success
3574,2009,Success
3575,2009,Success
3576,2009,Success
3577,2009,Success
3578,2009,Success
3579,2009,Success
3580,2009,Success
3581,2009,Success
3582,2009,Success
3583,2009,Success
3584,2009,Success
3585,2010,Success
3586,2010,Success
3587,2010,Success
3588,2010,Success
3589,2010,Success
3590,2010,Success
3591,2010,Success
3592,2010,Failure
3593,2010,Success
3594,2010,Success
3595,2010,Success
3596,2010,Success
3597,2010,Success
3598,2010,Success
3599,2010,Success
3600,2010,Success
3601,2010,Success
3602,2010,Failure
3603,2010,Success
3604,2010,Success
3605,2010,Success
3606,2010,Success
3607,2010,Success
3608,2010,Success
3609,2010,Success
3610,2010,Success
3611,2010,Success
3612,2010,Success
3613,2010,Success
3614,2010,Success
3615,2010,Success
3616,2010,Success
3617,2010,Success
3618,2010,Success
3619,2010,Success
3620,2010,Failure
3621,2010,Success
3622,2011,Success
3623,2011,Success
3624,2011,Success
3625,2011,Partial Failure
3626,2011,Success
3627,2011,Success
3628,2011,Success
3629,2011,Failure
3630,2011,Success
3631,2011,Success
3632,2011,Success
3633,2011,Success
3634,2011,Success
3635,2011,Success
3636,2011,Success
3637,2011,Success
3638,2011,Success
3639,2011,Success
3640,2011,Success
3641,2011,Success
3642,2011,Success
3643,2011,Success
3644,2011,Success
3645,2011,Success
3646,2011,Success
3647,2011,Success
3648,2011,Success
3649,2011,Success
3650,2011,Success
3651,2011,Success
3652,2011,Success
3653,2011,Success
3654,2011,Success
3655,2011,Success
3656,2011,Success
3657,2011,Success
3658,2011,Success
3659,2011,Success
3660,2011,Success
3661,2011,Success
3662,2011,Success
3663,2011,Success
3664,2012,Success
3665,2012,Success
3666,2012,Success
3667,2012,Success
3668,2012,Success
3669,2012,Success
3670,2012,Failure
3671,2012,Success
3672,2012,Success
3673,2012,Success
3674,2012,Success
3675,2012,Success
3676,2012,Success
3677,2012,Failure
3678,2012,Success
3679,2012,Success
3680,2012,Success
3681,2012,Success
3682,2012,Success
3683,2012,Success
3684,2012,Success
3685,2012,Success
3686,2012,Success
3687,2012,Success
3688,2012,Success
3689,2012,Success
3690,2012,Success
3691,2012,Failure
3692,2012,Success
3693,2012,Success
3694,2012,Partial Failure
3695,2012,Success
3696,2012,Success
3697,2012,Success
3698,2012,Success
3699,2012,Success
3700,2012,Success
3701,2012,Success
3702,2013,Partial Failure
3703,2013,Success
3704,2013,Success
3705,2013,Success
3706,2013,Failure
3707,2013,Success
3708,2013,Success
3709,2013,Success
3710,2013,Success
3711,2013,Success
3712,2013,Success
3713,2013,Success
3714,2013,Success
3715,2013,Success
3716,2013,Success
3717,2013,Success
3718,2013,Success
3719,2013,Success
3720,2013,Success
3721,2013,Success
3722,2013,Failure
3723,2013,Success
3724,2013,Success
3725,2013,Success
3726,2013,Success
3727,2013,Success
3728,2013,Success
3729,2013,Success
3730,2013,Success
3731,2013,Success
3732,2013,Success
3733,2013,Success
3734,2013,Success
3735,2013,Success
3736,2013,Success
3737,2013,Success
3738,2013,Success
3739,2013,Success
3740,2013,Success
3741,2013,Success
3742,2013,Success
3743,2013,Success
3744,2013,Success
3745,2013,Success
3746,2013,Success
3747,2013,Success
3748,2014,Success
3749,2014,Success
3750,2014,Success
3751,2014,Success
3752,2014,Success
3753,2014,Success
3754,2014,Success
3755,2014,Success
3756,2014,Success
3757,2014,Success
3758,2014,Success
3759,2014,Success
3760,2014,Success
3761,2014,Success
3762,2014,Success
3763,2014,Success
3764,2014,Success
3765,2014,Success
3766,2014,Success
3767,2014,Success
3768,2014,Success
3769,2014,Success
3770,2014,Success
3771,2014,Success
3772,2014,Success
3773,2014,Success
3774,2014,Success
3775,2014,Success
3776,2014,Success
3777,2014,Success
3778,2014,Success
3779,2014,Success
3780,2014,Success
3781,2014,Partial Failure
3782,2014,Success
3783,2014,Success
3784,2014,Success
3785,2014,Success
3786,2014,Success
3787,2014,Success
3788,2014,Success
3789,2014,Failure
3790,2014,Success
3791,2014,Success
3792,2014,Success
3793,2014,Success
3794,2014,Success
3795,2014,Success
3796,2014,Success
3797,2014,Success
3798,2014,Success
3799,2014,Success
3800,2014,Success
3801,2015,Success
3802,2015,Success
3803,2015,Success
3804,2015,Success
3805,2015,Success
3806,2015,Success
3807,2015,Success
3808,2015,Failure
3809,2015,Success
3810,2015,Success
3811,2015,Success
3812,2015,Success
3813,2015,Success
3814,2015,Success
3815,2015,Success
3816,2015,Success
3817,2015,Success
3818,2015,Success
3819,2015,Success
3820,2015,Success
3821,2015,Success
3822,2015,Success
3823,2015,Success
3824,2015,Failure
3825,2015,Success
3826,2015,Success
3827,2015,Success
3828,2015,Success
3829,2015,Success
3830,2015,Success
3831,2015,Success
3832,2015,Success
3833,2015,Success
3834,2015,Success
3835,2015,Success
3836,2015,Success
3837,2015,Success
3838,2015,Success
3839,2015,Success
3840,2015,Success
3841,2015,Success
3842,2015,Failure
3843,2015,Success
3844,2015,Success
3845,2015,Success
3846,2015,Success
3847,2015,Partial Failure
3848,2015,Success
3849,2015,Success
3850,2015,Success
3851,2015,Success
3852,2015,Success
3853,2016,Success
3854,2016,Success
3855,2016,Success
3856,2016,Success
3857,2016,Success
3858,2016,Success
3859,2016,Success
3860,2016,Success
3861,2016,Success
3862,2016,Success
3863,2016,Success
3864,2016,Success
3865,2016,Success
3866,2016,Success
3867,2016,Success
3868,2016,Success
3869,2016,Success
3870,2016,Success
3871,2016,Success
3872,2016,Success
3873,2016,Success
3874,2016,Success
3875,2016,Success
3876,2016,Success
3877,2016,Success
3878,2016,Success
3879,2016,Success
3880,2016,Success
3881,2016,Success
3882,2016,Success
3883,2016,Success
3884,2016,Success
3885,2016,Success
3886,2016,Success
3887,2016,Success
3888,2016,Success
3889,2016,Success
3890,2016,Success
3891,2016,Success
3892,2016,Success
3893,2016,Success
3894,2016,Success
3895,2016,Success
3896,2016,Success
3897,2016,Success
3898,2016,Success
3899,2016,Success
3900,2016,Success
3901,2016,Success
3902,2016,Success
3903,2016,Success
3904,2016,Success
3905,2016,Success
3906,2016,Success
3907,2016,Success
3908,2016,Success
3909,2016,Failure
3910,2016,Prelaunch Failure
3911,2016,Success
3912,2016,Success
3913,2016,Success
3914,2016,Success
3915,2016,Success
3916,2016,Success
3917,2016,Success
3918,2016,Success
3919,2016,Success
3920,2016,Success
3921,2016,Success
3922,2016,Success
3923,2016,Success
3924,2016,Success
3925,2016,Success
3926,2016,Success
3927,2016,Success
3928,2016,Success
3929,2016,Success
3930,2016,Success
3931,2016,Failure
3932,2016,Success
3933,2016,Success
3934,2016,Success
3935,2016,Success
3936,2016,Success
3937,2016,Success
3938,2016,Success
3939,2016,Success
3940,2016,Success
3941,2016,Success
3942,2016,Partial Failure
3943,2017,Success
3944,2017,Success
3945,2017,Success
3946,2017,Failure
3947,2017,Success
3948,2017,Success
3949,2017,Success
3950,2017,Success
3951,2017,Success
3952,2017,Success
3953,2017,Success
3954,2017,Success
3955,2017,Success
3956,2017,Success
3957,2017,Success
3958,2017,Success
3959,2017,Success
3960,2017,Success
3961,2017,Success
3962,2017,Success
3963,2017,Success
3964,2017,Success
3965,2017,Success
3966,2017,Success
3967,2017,Success
3968,2017,Success
3969,2017,Success
3970,2017,Failure
3971,2017,Success
3972,2017,Success
3973,2017,Success
3974,2017,Success
3975,2017,Success
3976,2017,Success
3977,2017,Success
3978,2017,Success
3979,2017,Partial Failure
3980,2017,Success
3981,2017,Success
3982,2017,Success
3983,2017,Success
3984,2017,Success
3985,2017,Failure
3986,2017,Success
3987,2017,Partial Failure
3988,2017,Failure
3989,2017,Success
3990,2017,Success
3991,2017,Success
3992,2017,Success
3993,2017,Success
3994,2017,Success
3995,2017,Success
3996,2017,Success
3997,2017,Success
3998,2017,Success
3999,2017,Failure
4000,2017,Success
4001,2017,Success
4002,2017,Success
4003,2017,Success
4004,2017,Success
4005,2017,Success
4006,2017,Success
4007,2017,Success
4008,2017,Success
4009,2017,Success
4010,2017,Success
4011,2017,Success
4012,2017,Success
4013,2017,Success
4014,2017,Success
4015,2017,Success
4016,2017,Success
4017,2017,Success
4018,2017,Success
4019,2017,Success
4020,2017,Success
4021,2017,Success
4022,2017,Failure
4023,2017,Success
4024,2017,Success
4025,2017,Success
4026,2017,Success
4027,2017,Success
4028,2017,Success
4029,2017,Success
4030,2017,Success
4031,2017,Success
4032,2017,Success
4033,2017,Success
4034,2017,Success
4035,2018,Success
4036,2018,Success
4037,2018,Success
4038,2018,Success
4039,2018,Success
4040,2018,Success
4041,2018,Success
4042,2018,Success
4043,2018,Success
4044,2018,Success
4045,2018,Success
4046,2018,Partial Failure
4047,2018,Success
4048,2018,Success
4049,2018,Success
4050,2018,Success
4051,2018,Success
4052,2018,Success
4053,2018,Success
4054,2018,Success
4055,2018,Success
4056,2018,Success
4057,2018,Success
4058,2018,Success
4059,2018,Success
4060,2018,Success
4061,2018,Success
4062,2018,Success
4063,2018,Success
4064,2018,Success
4065,2018,Success
4066,2018,Success
4067,2018,Success
4068,2018,Success
4069,2018,Success
4070,2018,Success
4071,2018,Success
4072,2018,Success
4073,2018,Success
4074,2018,Success
4075,2018,Success
4076,2018,Success
4077,2018,Success
4078,2018,Success
4079,2018,Success
4080,2018,Success
4081,2018,Success
4082,2018,Success
4083,2018,Success
4084,2018,Success
4085,2018,Success
4086,2018,Success
4087,2018,Success
4088,2018,Success
4089,2018,Success
4090,2018,Success
4091,2018,Success
4092,2018,Success
4093,2018,Success
4094,2018,Success
4095,2018,Success
4096,2018,Success
4097,2018,Success
4098,2018,Success
4099,2018,Success
4100,2018,Success
4101,2018,Success
4102,2018,Success
4103,2018,Success
4104,2018,Partial Failure
4105,2018,Success
4106,2018,Success
4107,2018,Success
4108,2018,Success
4109,2018,Success
4110,2018,Success
4111,2018,Success
4112,2018,Success
4113,2018,Success
4114,2018,Success
4115,2018,Failure
4116,2018,Success
4117,2018,Success
4118,2018,Success
4119,2018,Success
4120,2018,Success
4121,2018,Failure
4122,2018,Success
4123,2018,Success
4124,2018,Success
4125,2018,Success
4126,2018,Success
4127,2018,Success
4128,2018,Success
4129,2018,Success
4130,2018,Success
4131,2018,Success
4132,2018,Success
4133,2018,Success
4134,2018,Success
4135,2018,Success
4136,2018,Success
4137,2018,Success
4138,2018,Success
4139,2018,Success
4140,2018,Success
4141,2018,Success
4142,2018,Success
4143,2018,Success
4144,2018,Success
4145,2018,Success
4146,2018,Success
4147,2018,Success
4148,2018,Success
4149,2018,Success
4150,2018,Success
4151,2018,Success
4152,2019,Success
4153,2019,Success
4154,2019,Failure
4155,2019,Success
4156,2019,Success
4157,2019,Success
4158,2019,Success
4159,2019,Success
4160,2019,Success
4161,2019,Failure
4162,2019,Success
4163,2019,Success
4164,2019,Success
4165,2019,Success
4166,2019,Partial Failure
4167,2019,Success
4168,2019,Success
4169,2019,Success
4170,2019,Success
4171,2019,Failure
4172,2019,Success
4173,2019,Success
4174,2019,Success
4175,2019,Success
4176,2019,Success
4177,2019,Success
4178,2019,Success
4179,2019,Success
4180,2019,Success
4181,2019,Success
4182,2019,Success
4183,2019,Success
4184,2019,Success
4185,2019,Success
4186,2019,Failure
4187,2019,Success
4188,2019,Success
4189,2019,Success
4190,2019,Success
4191,2019,Success
4192,2019,Success
4193,2019,Success
4194,2019,Success
4195,2019,Success
4196,2019,Partial Failure
4197,2019,Success
4198,2019,Success
4199,2019,Failure
4200,2019,Success
4201,2019,Success
4202,2019,Success
4203,2019,Success
4204,2019,Success
4205,2019,Success
4206,2019,Success
4207,2019,Success
4208,2019,Success
4209,2019,Success
4210,2019,Success
4211,2019,Success
4212,2019,Success
4213,2019,Success
4214,2019,Success
4215,2019,Success
4216,2019,Success
4217,2019,Prelaunch Failure
4218,2019,Success
4219,2019,Success
4220,2019,Success
4221,2019,Success
4222,2019,Success
4223,2019,Success
4224,2019,Success
4225,2019,Success
4226,2019,Success
4227,2019,Success
4228,2019,Success
4229,2019,Success
4230,2019,Success
4231,2019,Success
4232,2019,Failure
4233,2019,Success
4234,2019,Success
4235,2019,Success
4236,2019,Success
4237,2019,Success
4238,2019,Success
4239,2019,Success
4240,2019,Success
4241,2019,Success
4242,2019,Success
4243,2019,Success
4244,2019,Success
4245,2019,Success
4246,2019,Success
4247,2019,Success
4248,2019,Success
4249,2019,Success
4250,2019,Success
4251,2019,Success
4252,2019,Success
4253,2019,Success
4254,2019,Success
4255,2019,Success
4256,2019,Success
4257,2019,Success
4258,2019,Success
4259,2019,Success
4260,2019,Success
4261,2020,Success
4262,2020,Success
4263,2020,Success
4264,2020,Success
4265,2020,Success
4266,2020,Success
4267,2020,Success
4268,2020,Success
4269,2020,Success
4270,2020,Success
4271,2020,Failure
4272,2020,Success
4273,2020,Success
4274,2020,Success
4275,2020,Success
4276,2020,Success
4277,2020,Success
4278,2020,Success
4279,2020,Success
4280,2020,Failure
4281,2020,Success
4282,2020,Success
4283,2020,Success
4284,2020,Success
4285,2020,Success
4286,2020,Success
4287,2020,Failure
4288,2020,Success
4289,2020,Success
4290,2020,Success
4291,2020,Success
4292,2020,Success
4293,2020,Success
4294,2020,Success
4295,2020,Success
4296,2020,Failure
4297,2020,Success
4298,2020,Success
4299,2020,Success
4300,2020,Success
4301,2020,Success
4302,2020,Success
4303,2020,Success
4304,2020,Success
4305,2020,Success
4306,2020,Success
4307,2020,Success
4308,2020,Failure
4309,2020,Success
4310,2020,Success
4311,2020,Success
4312,2020,Failure
4313,2020,Success
4314,2020,Success
4315,2020,Success
4316,2020,Success
4317,2020,Success
4318,2020,Success
4319,2020,Success
4320,2020,Success
4321,2020,Success
4322,2020,Success
4323,2020,Success
4324,2020,Success
4325,2020,Success
4326,2020,Success
4327,2020,Success
4328,2020,Success
4329,2020,Success
4330,2020,Success
4331,2020,Success
4332,2020,Success
4333,2020,Failure
4334,2020,Failure
4335,2020,Success
4336,2020,Success
4337,2020,Success
4338,2020,Success
4339,2020,Success
4340,2020,Success
4341,2020,Success
4342,2020,Success
4343,2020,Success
4344,2020,Success
4345,2020,Success
4346,2020,Success
4347,2020,Success
4348,2020,Success
4349,2020,Success
4350,2020,Success
4351,2020,Success
4352,2020,Success
4353,2020,Success
4354,2020,Success
4355,2020,Success
4356,2020,Failure
4357,2020,Success
4358,2020,Success
4359,2020,Success
4360,2020,Success
4361,2020,Success
4362,2020,Success
4363,2020,Success
4364,2020,Success
4365,2020,Success
4366,2020,Success
4367,2020,Partial Failure
4368,2020,Success
4369,2020,Partial Failure
4370,2020,Success
4371,2020,Success
4372,2020,Success
4373,2020,Failure
4374,2020,Success
4375,2020,Success
4376,2020,Success
4377,2020,Success
4378,2020,Success
4379,2020,Success
4380,2021,Success
4381,2021,Success
4382,2021,Success
4383,2021,Success
4384,2021,Success
4385,2021,Success
4386,2021,Success
4387,2021,Success
4388,2021,Failure
4389,2021,Success
4390,2021,Partial Failure
4391,2021,Success
4392,2021,Success
4393,2021,Success
4394,2021,Success
4395,2021,Success
4396,2021,Success
4397,2021,Success
4398,2021,Success
4399,2021,Success
4400,2021,Partial Failure
4401,2021,Success
4402,2021,Success
4403,2021,Success
4404,2021,Success
4405,2021,Success
4406,2021,Success
4407,2021,Success
4408,2021,Success
4409,2021,Success
4410,2021,Failure
4411,2021,Success
4412,2021,Success
4413,2021,Success
4414,2021,Success
4415,2021,Success
4416,2021,Success
4417,2021,Success
4418,2021,Success
4419,2021,Success
4420,2021,Success
4421,2021,Success
4422,2021,Success
4423,2021,Success
4424,2021,Success
4425,2021,Success
4426,2021,Success
4427,2021,Success
4428,2021,Failure
4429,2021,Success
4430,2021,Success
4431,2021,Success
4432,2021,Success
4433,2021,Success
4434,2021,Success
4435,2021,Success
4436,2021,Success
4437,2021,Success
4438,2021,Success
4439,2021,Success
4440,2021,Success
4441,2021,Success
4442,2021,Success
4443,2021,Success
4444,2021,Success
4445,2021,Success
4446,2021,Success
4447,2021,Success
4448,2021,Success
4449,2021,Success
4450,2021,Success
4451,2021,Success
4452,2021,Success
4453,2021,Success
4454,2021,Success
4455,2021,Success
4456,2021,Success
4457,2021,Success
4458,2021,Success
4459,2021,Success
4460,2021,Success
4461,2021,Failure
4462,2021,Success
4463,2021,Success
4464,2021,Success
4465,2021,Failure
4466,2021,Success
4467,2021,Success
4468,2021,Success
4469,2021,Success
4470,2021,Success
4471,2021,Success
4472,2021,Failure
4473,2021,Success
4474,2021,Failure
4475,2021,Success
4476,2021,Success
4477,2021,Success
4478,2021,Success
4479,2021,Success
4480,2021,Success
4481,2021,Success
4482,2021,Success
4483,2021,Success
4484,2021,Success
4485,2021,Success
4486,2021,Success
4487,2021,Success
4488,2021,Success
4489,2021,Success
4490,2021,Success
4491,2021,Failure
4492,2021,Success
4493,2021,Success
4494,2021,Success
4495,2021,Success
4496,2021,Success
4497,2021,Success
4498,2021,Success
4499,2021,Success
4500,2021,Success
4501,2021,Success
4502,2021,Success
4503,2021,Success
4504,2021,Success
4505,2021,Success
4506,2021,Success
4507,2021,Success
4508,2021,Success
4509,2021,Success
4510,2021,Success
4511,2021,Success
4512,2021,Success
4513,2021,Success
4514,2021,Success
4515,2021,Success
4516,2021,Success
4517,2021,Success
4518,2021,Success
4519,2021,Success
4520,2021,Success
4521,2021,Success
4522,2021,Partial Failure
4523,2021,Success
4524,2021,Failure
4525,2021,Success
4526,2021,Success
4527,2021,Success
4528,2021,Success
4529,2021,Success
4530,2021,Success
4531,2021,Success
4532,2021,Success
4533,2021,Failure
4534,2021,Success
4535,2021,Success
4536,2021,Failure
4537,2022,Success
4538,2022,Success
4539,2022,Success
4540,2022,Success
4541,2022,Success
4542,2022,Success
4543,2022,Success
4544,2022,Success
4545,2022,Success
4546,2022,Success
4547,2022,Success
4548,2022,Success
4549,2022,Failure
4550,2022,Success
4551,2022,Success
4552,2022,Success
4553,2022,Success
4554,2022,Success
4555,2022,Success
4556,2022,Success
4557,2022,Success
4558,2022,Success
4559,2022,Success
4560,2022,Success
4561,2022,Success
4562,2022,Success
4563,2022,Success
4564,2022,Success
4565,2022,Success
4566,2022,Success
4567,2022,Success
4568,2022,Success
4569,2022,Success
4570,2022,Success
4571,2022,Success
4572,2022,Success
4573,2022,Success
4574,2022,Success
4575,2022,Success
4576,2022,Success
4577,2022,Success
4578,2022,Success
4579,2022,Success
4580,2022,Success
4581,2022,Success
4582,2022,Success
4583,2022,Success
4584,2022,Success
4585,2022,Success
4586,2022,Success
4587,2022,Success
4588,2022,Success
4589,2022,Failure
4590,2022,Success
4591,2022,Success
4592,2022,Success
4593,2022,Success
4594,2022,Success
4595,2022,Success
4596,2022,Success
4597,2022,Success
4598,2022,Success
4599,2022,Success
4600,2022,Success
4601,2022,Success
4602,2022,Success
4603,2022,Success
4604,2022,Success
4605,2022,Success
4606,2022,Success
4607,2022,Success
4608,2022,Success
4609,2022,Success
4610,2022,Success
4611,2022,Success
4612,2022,Success
4613,2022,Success
4614,2022,Success
4615,2022,Success
4616,2022,Success
4617,2022,Success
4618,2022,Success
4619,2022,Failure
4620,2022,Success
4621,2022,Success
4622,2022,Success
4623,2022,Success
4624,2022,Success
4625,2022,Success
4626,2022,Success
4627,2022,Success
4628,2022,Success
4629,2022,Success
